question_id,question_text,rating,comment
0,"Why does PS0KY mention filing down the items?",3,""
1,"What specific purpose do the items being filed serve in this context?",3,""
2,"What might be the next step after PS0KY has filed the items down?",3,""
3,"What specific brush was Mikila referring to in the prior exchange?",4,""
4,"Could you clarify the meaning of ""runny"" in the context of the material being discussed?",3,""
5,"Would you mind explaining the purpose of filing them down before moving forward?",5,""
6,"What specific shade of purple are you planning to use?",6,""
7,"How does applying the purple over this affect the final color outcome?",5,""
8,"What do you mean by ""sort of go funny"" in reference to the application?",5,""
9,"What aspect of the ""runny"" paint is causing the speaker to feel uncertain?",3,""
10,"How does the speaker plan to resolve the potential color mismatch after painting over the previous layer?",3,""
11,"Can the speaker confirm whether the current painting technique will still produce the intended visual outcome?",3,""
12,"Why do you think the ""runny"" texture is a problem?",6,""
13,"How does the ""purple"" color relate to the texture concern?",,""
14,"Is the file-downing step intended to fix the ""go funny"" appearance?",,""
15,"What color is Mikila's sponge in the last utterance?",,""
16,"Is the [unclear] reference to the sponge indicating a technical issue with the sponge's moisture level?",,""
17,"How will the choice of sponge material affect the final quality of the purple nail polish application?",,""
18,"What color are you mixing to achieve the runny consistency?",,""
19,"How do you plan to apply the purple mixture to avoid the ""funny"" result?",,""
20,"Is Mikila going to handle the sponge, or will someone else take over that step?",,""
21,"What specific outcome do you hope to achieve with this adjustment?",,""
22,"How will you ensure the colour application remains consistent given the runny texture?",,""
23,"What alternative methods could you use to avoid the ""funny"" effect you mentioned?",,""
24,"What exactly do you mean by ""dabble it on""?",,""
25,"How will applying the purple colour before the gold create the desired visual effect?",,""
26,"What do you expect the final texture to look like after the purple layer is added?",,""
27,"What specific technique are you going to use to apply the purple paint?",,""
28,"How will the underlying layer affect the final appearance of the gold accents?",,""
29,"Can you describe the expected drying time for the underlying layer before adding the top colour?",5,""
30,"What exactly should be wiped down?",6,""
31,"How many passes should be taken to remove excess color?",4,""
32,"What do you mean by ""that"" in this context?",3,""
33,"Given the last utterance ""He's got a wobbly bottom"" and the context of the dialogue about painting techniques and potential structural issues, here are three salient, progressive questions that address unanswered aspects of the discourse:",1,""
34,"",0,""
35,"What specific structural concerns does the wobbly bottom present for the application of the gold accents?",1,""
36,"How does the wobbly bottom interaction affect the planned dabbing technique discussed earlier?",5,""
37,"Is the wobbly bottom issue related to the spike placement discussed by KDBPSUNK as unsuitable?",2,""
38,"Do you intend to paint the icing white or leave it as is?",7,""
39,"Is there a specific shade of white you're considering for the icing?",6,""
40,"How does the icing color choice affect the overall design of the cake?",5,""
41,"Why does the speaker think the spikes shouldn't be painted there?",,""
42,"What does the speaker mean by ""He's got a wobbly bottom""?",,""
43,"How should the icing be handled after the spikes are addressed?",,""
44,"What specific shade of yellow are you referring to in the mixture?",,""
45,"Are there any color tests or swatches that confirm the yellow will be visible under the other layers?",,""
46,"Will adding the yellow layer affect the drying time or adhesion of the later gold detail?",,""
47,"Is the QUD after the laughter still about the white icing size?",3,""
48,"What does the speaker think is too big about the white one?",3,""
49,"Who is the speaker addressing as ""everybody"" in the last remark?",3,""
50,"How does this item function as a potential centerpiece in the overall composition?",5,""
51,"What specific design or placement criteria will you use to make it the centerpiece?",5,""
52,"Are there alternative arrangements that could serve as the centerpiece more effectively?",5,""
53,"What aspect of the spikes' placement or function is unclear in the last utterance?",2,""
54,"Which specific spike(s) are referred to as ""a lot"" and why are they problematic?",3,""
55,"How does the intended centerpiece role relate to the unclear spike placement?",3,""
56,"Are you expecting me to start painting now or after finishing the brush cleaning?",1,""
57,"Do you want the paint to remain in the brushes after it dries, or should it be completely removed?",4,""
58,"How much powder should I leave on the brush to ensure the spikes look natural?",4,""