Couple,File_1,File_2,Kappa
Mario-Axel,Axel/deepseek/sheet_10_annotations_FELTEN.csv,Mario/deepseek/sheet_10_annotations_JAKIMOSKI.csv,0.212
Hao-Axel,Axel/deepseek/sheet_10_annotations_FELTEN.csv,Hao/deepseek/sheet_10_annotations_Hao_Deepseek.csv,0.256
Jinane-Axel,Axel/deepseek/sheet_10_annotations_FELTEN.csv,Jinane/deepseek/sheet_10_annotations_HARCHAL.csv,0.296
Mario-Jinane,Mario/deepseek/sheet_10_annotations_JAKIMOSKI.csv,Jinane/deepseek/sheet_10_annotations_HARCHAL.csv,0.224
Hao-Jinane,Hao/deepseek/sheet_10_annotations_Hao_Deepseek.csv,Jinane/deepseek/sheet_10_annotations_HARCHAL.csv,0.324
Mario-Hao,Mario/deepseek/sheet_10_annotations_JAKIMOSKI.csv,Hao/deepseek/sheet_10_annotations_Hao_Deepseek.csv,0.366
Mario-Axel,Axel/deepseek/sheet_13_annotations_FELTEN.csv,Mario/deepseek/sheet_13_annotations_JAKIMOSKI.csv,0.170
Hao-Axel,Axel/deepseek/sheet_13_annotations_FELTEN.csv,Hao/deepseek/sheet_13_annotations_Hao_Deepseek.csv,0.085
Jinane-Axel,Axel/deepseek/sheet_13_annotations_FELTEN.csv,Jinane/deepseek/sheet_13_annotations_HARCHAL.csv,0.238
Mario-Jinane,Mario/deepseek/sheet_13_annotations_JAKIMOSKI.csv,Jinane/deepseek/sheet_13_annotations_HARCHAL.csv,0.173
Hao-Jinane,Hao/deepseek/sheet_13_annotations_Hao_Deepseek.csv,Jinane/deepseek/sheet_13_annotations_HARCHAL.csv,0.255
Mario-Hao,Mario/deepseek/sheet_13_annotations_JAKIMOSKI.csv,Hao/deepseek/sheet_13_annotations_Hao_Deepseek.csv,0.138
Mario-Axel,Axel/deepseek/sheet_19_annotations_FELTEN.csv,Mario/deepseek/sheet_19_annotations_JAKIMOSKI.csv,0.254
Hao-Axel,Axel/deepseek/sheet_19_annotations_FELTEN.csv,Hao/deepseek/sheet_19_annotations_Hao_Deepseek.csv,0.361
Jinane-Axel,Axel/deepseek/sheet_19_annotations_FELTEN.csv,Jinane/deepseek/sheet_19_annotations_HARCHAL.csv,0.081
Mario-Jinane,Mario/deepseek/sheet_19_annotations_JAKIMOSKI.csv,Jinane/deepseek/sheet_19_annotations_HARCHAL.csv,0.141
Hao-Jinane,Hao/deepseek/sheet_19_annotations_Hao_Deepseek.csv,Jinane/deepseek/sheet_19_annotations_HARCHAL.csv,0.079
Mario-Hao,Mario/deepseek/sheet_19_annotations_JAKIMOSKI.csv,Hao/deepseek/sheet_19_annotations_Hao_Deepseek.csv,0.308
Mario-Axel,Axel/deepseek/sheet_30_annotations_FELTEN.csv,Mario/deepseek/sheet_30_annotations_JAKIMOSKI.csv,0.178
Hao-Axel,Axel/deepseek/sheet_30_annotations_FELTEN.csv,Hao/deepseek/sheet_30_annotations_Hao_Deepseek.csv,0.418
Jinane-Axel,Axel/deepseek/sheet_30_annotations_FELTEN.csv,Jinane/deepseek/sheet_30_annotations_HARCHAL.csv,0.248
Mario-Jinane,Mario/deepseek/sheet_30_annotations_JAKIMOSKI.csv,Jinane/deepseek/sheet_30_annotations_HARCHAL.csv,0.221
Hao-Jinane,Hao/deepseek/sheet_30_annotations_Hao_Deepseek.csv,Jinane/deepseek/sheet_30_annotations_HARCHAL.csv,0.247
Mario-Hao,Mario/deepseek/sheet_30_annotations_JAKIMOSKI.csv,Hao/deepseek/sheet_30_annotations_Hao_Deepseek.csv,0.211
Mario-Axel,Axel/deepseek/sheet_38_annotations_FELTEN.csv,Mario/deepseek/sheet_38_annotations_JAKIMOSKI.csv,0.167
Hao-Axel,Axel/deepseek/sheet_38_annotations_FELTEN.csv,Hao/deepseek/sheet_38_annotations_Hao_Deepseek.csv,0.020
Jinane-Axel,Axel/deepseek/sheet_38_annotations_FELTEN.csv,Jinane/deepseek/sheet_38_annotations_HARCHAL.csv,0.238
Mario-Jinane,Mario/deepseek/sheet_38_annotations_JAKIMOSKI.csv,Jinane/deepseek/sheet_38_annotations_HARCHAL.csv,0.131
Hao-Jinane,Hao/deepseek/sheet_38_annotations_Hao_Deepseek.csv,Jinane/deepseek/sheet_38_annotations_HARCHAL.csv,0.090
Mario-Hao,Mario/deepseek/sheet_38_annotations_JAKIMOSKI.csv,Hao/deepseek/sheet_38_annotations_Hao_Deepseek.csv,0.032
Mario-Axel,Axel/deepseek/sheet_39_annotations_FELTEN.csv,Mario/deepseek/sheet_39_annotations_JAKIMOSKI.csv,0.061
Hao-Axel,Axel/deepseek/sheet_39_annotations_FELTEN.csv,Hao/deepseek/sheet_39_annotations_Hao_Deepseek.csv,0.097
Jinane-Axel,Axel/deepseek/sheet_39_annotations_FELTEN.csv,Jinane/deepseek/sheet_39_annotations_HARCHAL.csv,0.154
Mario-Jinane,Mario/deepseek/sheet_39_annotations_JAKIMOSKI.csv,Jinane/deepseek/sheet_39_annotations_HARCHAL.csv,0.109
Hao-Jinane,Hao/deepseek/sheet_39_annotations_Hao_Deepseek.csv,Jinane/deepseek/sheet_39_annotations_HARCHAL.csv,0.098
Mario-Hao,Mario/deepseek/sheet_39_annotations_JAKIMOSKI.csv,Hao/deepseek/sheet_39_annotations_Hao_Deepseek.csv,0.158
Mario-Axel,Axel/deepseek/sheet_50_annotations_FELTEN.csv,Mario/deepseek/sheet_50_annotations_JAKIMOSKI.csv,0.219
Hao-Axel,Axel/deepseek/sheet_50_annotations_FELTEN.csv,Hao/deepseek/sheet_50_annotations_Hao_Deepseek.csv,0.261
Jinane-Axel,Axel/deepseek/sheet_50_annotations_FELTEN.csv,Jinane/deepseek/sheet_50_annotations_HARCHAL.csv,0.261
Mario-Jinane,Mario/deepseek/sheet_50_annotations_JAKIMOSKI.csv,Jinane/deepseek/sheet_50_annotations_HARCHAL.csv,0.148
Hao-Jinane,Hao/deepseek/sheet_50_annotations_Hao_Deepseek.csv,Jinane/deepseek/sheet_50_annotations_HARCHAL.csv,0.192
Mario-Hao,Mario/deepseek/sheet_50_annotations_JAKIMOSKI.csv,Hao/deepseek/sheet_50_annotations_Hao_Deepseek.csv,0.176
Mario-Axel,Axel/deepseek/sheet_7_annotations_FELTEN.csv,Mario/deepseek/sheet_7_annotations_JAKIMOSKI.csv,0.355
Hao-Axel,Axel/deepseek/sheet_7_annotations_FELTEN.csv,Hao/deepseek/sheet_7_annotations_Hao_Deepseek.csv,0.212
Jinane-Axel,Axel/deepseek/sheet_7_annotations_FELTEN.csv,Jinane/deepseek/sheet_7_annotations_HARCHAL.csv,0.317
Mario-Jinane,Mario/deepseek/sheet_7_annotations_JAKIMOSKI.csv,Jinane/deepseek/sheet_7_annotations_HARCHAL.csv,0.493
Hao-Jinane,Hao/deepseek/sheet_7_annotations_Hao_Deepseek.csv,Jinane/deepseek/sheet_7_annotations_HARCHAL.csv,0.306
Mario-Hao,Mario/deepseek/sheet_7_annotations_JAKIMOSKI.csv,Hao/deepseek/sheet_7_annotations_Hao_Deepseek.csv,0.355
Mario-Axel,Axel/gemma/sheet_10_annotations_FELTEN.csv,Mario/gemma/sheet_10_annotations_JAKIMOSKI.csv,0.066
Hao-Axel,Axel/gemma/sheet_10_annotations_FELTEN.csv,Hao/gemma/sheet_10_annotations_Hao_Gemma.csv,0.068
Jinane-Axel,Axel/gemma/sheet_10_annotations_FELTEN.csv,Jinane/gemma/sheet_10_annotations_HARCHAL.csv,0.154
Mario-Jinane,Mario/gemma/sheet_10_annotations_JAKIMOSKI.csv,Jinane/gemma/sheet_10_annotations_HARCHAL.csv,0.201
Hao-Jinane,Hao/gemma/sheet_10_annotations_Hao_Gemma.csv,Jinane/gemma/sheet_10_annotations_HARCHAL.csv,0.190
Mario-Hao,Mario/gemma/sheet_10_annotations_JAKIMOSKI.csv,Hao/gemma/sheet_10_annotations_Hao_Gemma.csv,0.055
Mario-Axel,Axel/gemma/sheet_13_annotations_FELTEN.csv,Mario/gemma/sheet_13_annotations_JAKIMOSKI.csv,0.067
Hao-Axel,Axel/gemma/sheet_13_annotations_FELTEN.csv,Hao/gemma/sheet_13_annotations_Hao_Gemma.csv,0.059
Jinane-Axel,Axel/gemma/sheet_13_annotations_FELTEN.csv,Jinane/gemma/sheet_13_annotations_HARCHAL.csv,0.289
Mario-Jinane,Mario/gemma/sheet_13_annotations_JAKIMOSKI.csv,Jinane/gemma/sheet_13_annotations_HARCHAL.csv,0.085
Hao-Jinane,Hao/gemma/sheet_13_annotations_Hao_Gemma.csv,Jinane/gemma/sheet_13_annotations_HARCHAL.csv,0.082
Mario-Hao,Mario/gemma/sheet_13_annotations_JAKIMOSKI.csv,Hao/gemma/sheet_13_annotations_Hao_Gemma.csv,-0.051
Mario-Axel,Axel/gemma/sheet_19_annotations_FELTEN.csv,Mario/gemma/sheet_19_annotations_JAKIMOSKI.csv,-0.052
Hao-Axel,Axel/gemma/sheet_19_annotations_FELTEN.csv,Hao/gemma/sheet_19_annotations_Hao_Gemma.csv,0.140
Jinane-Axel,Axel/gemma/sheet_19_annotations_FELTEN.csv,Jinane/gemma/sheet_19_annotations_HARCHAL.csv,0.260
Mario-Jinane,Mario/gemma/sheet_19_annotations_JAKIMOSKI.csv,Jinane/gemma/sheet_19_annotations_HARCHAL.csv,0.030
Hao-Jinane,Hao/gemma/sheet_19_annotations_Hao_Gemma.csv,Jinane/gemma/sheet_19_annotations_HARCHAL.csv,0.077
Mario-Hao,Mario/gemma/sheet_19_annotations_JAKIMOSKI.csv,Hao/gemma/sheet_19_annotations_Hao_Gemma.csv,0.000
Mario-Axel,Axel/gemma/sheet_30_annotations_FELTEN.csv,Mario/gemma/sheet_30_annotations_JAKIMOSKI.csv,-0.030
Hao-Axel,Axel/gemma/sheet_30_annotations_FELTEN.csv,Hao/gemma/sheet_30_annotations_Hao_Gemma.csv,0.008
Jinane-Axel,Axel/gemma/sheet_30_annotations_FELTEN.csv,Jinane/gemma/sheet_30_annotations_HARCHAL.csv,0.051
Mario-Jinane,Mario/gemma/sheet_30_annotations_JAKIMOSKI.csv,Jinane/gemma/sheet_30_annotations_HARCHAL.csv,-0.082
Hao-Jinane,Hao/gemma/sheet_30_annotations_Hao_Gemma.csv,Jinane/gemma/sheet_30_annotations_HARCHAL.csv,0.062
Mario-Hao,Mario/gemma/sheet_30_annotations_JAKIMOSKI.csv,Hao/gemma/sheet_30_annotations_Hao_Gemma.csv,0.049
Mario-Axel,Axel/gemma/sheet_38_annotations_FELTEN.csv,Mario/gemma/sheet_38_annotations_JAKIMOSKI.csv,0.065
Hao-Axel,Axel/gemma/sheet_38_annotations_FELTEN.csv,Hao/gemma/sheet_38_annotations_Hao_Gemma.csv,0.019
Jinane-Axel,Axel/gemma/sheet_38_annotations_FELTEN.csv,Jinane/gemma/sheet_38_annotations_HARCHAL.csv,0.131
Mario-Jinane,Mario/gemma/sheet_38_annotations_JAKIMOSKI.csv,Jinane/gemma/sheet_38_annotations_HARCHAL.csv,0.070
Hao-Jinane,Hao/gemma/sheet_38_annotations_Hao_Gemma.csv,Jinane/gemma/sheet_38_annotations_HARCHAL.csv,0.130
Mario-Hao,Mario/gemma/sheet_38_annotations_JAKIMOSKI.csv,Hao/gemma/sheet_38_annotations_Hao_Gemma.csv,0.031
Mario-Axel,Axel/gemma/sheet_39_annotations_FELTEN.csv,Mario/gemma/sheet_39_annotations_JAKIMOSKI.csv,0.077
Hao-Axel,Axel/gemma/sheet_39_annotations_FELTEN.csv,Hao/gemma/sheet_39_annotations_Hao_Gemma.csv,0.047
Jinane-Axel,Axel/gemma/sheet_39_annotations_FELTEN.csv,Jinane/gemma/sheet_39_annotations_HARCHAL.csv,0.290
Mario-Jinane,Mario/gemma/sheet_39_annotations_JAKIMOSKI.csv,Jinane/gemma/sheet_39_annotations_HARCHAL.csv,0.110
Hao-Jinane,Hao/gemma/sheet_39_annotations_Hao_Gemma.csv,Jinane/gemma/sheet_39_annotations_HARCHAL.csv,0.011
Mario-Hao,Mario/gemma/sheet_39_annotations_JAKIMOSKI.csv,Hao/gemma/sheet_39_annotations_Hao_Gemma.csv,0.192
Mario-Axel,Axel/gemma/sheet_50_annotations_FELTEN.csv,Mario/gemma/sheet_50_annotations_JAKIMOSKI.csv,0.010
Hao-Axel,Axel/gemma/sheet_50_annotations_FELTEN.csv,Hao/gemma/sheet_50_annotations_Hao_Gemma.csv,0.083
Jinane-Axel,Axel/gemma/sheet_50_annotations_FELTEN.csv,Jinane/gemma/sheet_50_annotations_HARCHAL.csv,-0.004
Mario-Jinane,Mario/gemma/sheet_50_annotations_JAKIMOSKI.csv,Jinane/gemma/sheet_50_annotations_HARCHAL.csv,0.208
Hao-Jinane,Hao/gemma/sheet_50_annotations_Hao_Gemma.csv,Jinane/gemma/sheet_50_annotations_HARCHAL.csv,0.164
Mario-Hao,Mario/gemma/sheet_50_annotations_JAKIMOSKI.csv,Hao/gemma/sheet_50_annotations_Hao_Gemma.csv,0.226
Mario-Axel,Axel/gemma/sheet_7_annotations_FELTEN.csv,Mario/gemma/sheet_7_annotations_JAKIMOSKI.csv,0.207
Hao-Axel,Axel/gemma/sheet_7_annotations_FELTEN.csv,Hao/gemma/sheet_7_annotations_Hao_Gemma.csv,0.084
Jinane-Axel,Axel/gemma/sheet_7_annotations_FELTEN.csv,Jinane/gemma/sheet_7_annotations_HARCHAL.csv,0.189
Mario-Jinane,Mario/gemma/sheet_7_annotations_JAKIMOSKI.csv,Jinane/gemma/sheet_7_annotations_HARCHAL.csv,0.167
Hao-Jinane,Hao/gemma/sheet_7_annotations_Hao_Gemma.csv,Jinane/gemma/sheet_7_annotations_HARCHAL.csv,0.140
Mario-Hao,Mario/gemma/sheet_7_annotations_JAKIMOSKI.csv,Hao/gemma/sheet_7_annotations_Hao_Gemma.csv,0.187
Mario-Axel,Axel/llama/sheet_10_annotations_FELTEN.csv,Mario/llama/sheet_10_annotations_JAKIMOSKI.csv,0.082
Hao-Axel,Axel/llama/sheet_10_annotations_FELTEN.csv,Hao/llama/sheet_10_annotations_Hao_llama.csv,0.288
Jinane-Axel,Axel/llama/sheet_10_annotations_FELTEN.csv,Jinane/llama/sheet_10_annotations_HARCHAL.csv,0.153
Mario-Jinane,Mario/llama/sheet_10_annotations_JAKIMOSKI.csv,Jinane/llama/sheet_10_annotations_HARCHAL.csv,0.115
Hao-Jinane,Hao/llama/sheet_10_annotations_Hao_llama.csv,Jinane/llama/sheet_10_annotations_HARCHAL.csv,0.174
Mario-Hao,Mario/llama/sheet_10_annotations_JAKIMOSKI.csv,Hao/llama/sheet_10_annotations_Hao_llama.csv,0.179
Mario-Axel,Axel/llama/sheet_13_annotations_FELTEN.csv,Mario/llama/sheet_13_annotations_JAKIMOSKI.csv,0.214
Hao-Axel,Axel/llama/sheet_13_annotations_FELTEN.csv,Hao/llama/sheet_13_annotations_Hao_llama.csv,0.239
Jinane-Axel,Axel/llama/sheet_13_annotations_FELTEN.csv,Jinane/llama/sheet_13_annotations_HARCHAL.csv,0.170
Mario-Jinane,Mario/llama/sheet_13_annotations_JAKIMOSKI.csv,Jinane/llama/sheet_13_annotations_HARCHAL.csv,0.156
Hao-Jinane,Hao/llama/sheet_13_annotations_Hao_llama.csv,Jinane/llama/sheet_13_annotations_HARCHAL.csv,0.069
Mario-Hao,Mario/llama/sheet_13_annotations_JAKIMOSKI.csv,Hao/llama/sheet_13_annotations_Hao_llama.csv,0.163
Mario-Axel,Axel/llama/sheet_19_annotations_FELTEN.csv,Mario/llama/sheet_19_annotations_JAKIMOSKI.csv,0.213
Hao-Axel,Axel/llama/sheet_19_annotations_FELTEN.csv,Hao/llama/sheet_19_annotations_Hao_llama.csv,0.220
Jinane-Axel,Axel/llama/sheet_19_annotations_FELTEN.csv,Jinane/llama/sheet_19_annotations_HARCHAL.csv,0.322
Mario-Jinane,Mario/llama/sheet_19_annotations_JAKIMOSKI.csv,Jinane/llama/sheet_19_annotations_HARCHAL.csv,0.041
Hao-Jinane,Hao/llama/sheet_19_annotations_Hao_llama.csv,Jinane/llama/sheet_19_annotations_HARCHAL.csv,0.161
Mario-Hao,Mario/llama/sheet_19_annotations_JAKIMOSKI.csv,Hao/llama/sheet_19_annotations_Hao_llama.csv,0.270
Mario-Axel,Axel/llama/sheet_30_annotations_FELTEN.csv,Mario/llama/sheet_30_annotations_JAKIMOSKI.csv,0.364
Hao-Axel,Axel/llama/sheet_30_annotations_FELTEN.csv,Hao/llama/sheet_30_annotations_Hao_llama.csv,0.306
Jinane-Axel,Axel/llama/sheet_30_annotations_FELTEN.csv,Jinane/llama/sheet_30_annotations_HARCHAL.csv,0.411
Mario-Jinane,Mario/llama/sheet_30_annotations_JAKIMOSKI.csv,Jinane/llama/sheet_30_annotations_HARCHAL.csv,0.358
Hao-Jinane,Hao/llama/sheet_30_annotations_Hao_llama.csv,Jinane/llama/sheet_30_annotations_HARCHAL.csv,0.320
Mario-Hao,Mario/llama/sheet_30_annotations_JAKIMOSKI.csv,Hao/llama/sheet_30_annotations_Hao_llama.csv,0.368
Mario-Axel,Axel/llama/sheet_38_annotations_FELTEN.csv,Mario/llama/sheet_38_annotations_JAKIMOSKI.csv,0.241
Hao-Axel,Axel/llama/sheet_38_annotations_FELTEN.csv,Hao/llama/sheet_38_annotations_Hao_llama.csv,0.231
Jinane-Axel,Axel/llama/sheet_38_annotations_FELTEN.csv,Jinane/llama/sheet_38_annotations_HARCHAL.csv,0.217
Mario-Jinane,Mario/llama/sheet_38_annotations_JAKIMOSKI.csv,Jinane/llama/sheet_38_annotations_HARCHAL.csv,0.211
Hao-Jinane,Hao/llama/sheet_38_annotations_Hao_llama.csv,Jinane/llama/sheet_38_annotations_HARCHAL.csv,0.089
Mario-Hao,Mario/llama/sheet_38_annotations_JAKIMOSKI.csv,Hao/llama/sheet_38_annotations_Hao_llama.csv,0.118
Mario-Axel,Axel/llama/sheet_39_annotations_FELTEN.csv,Mario/llama/sheet_39_annotations_JAKIMOSKI.csv,0.053
Hao-Axel,Axel/llama/sheet_39_annotations_FELTEN.csv,Hao/llama/sheet_39_annotations_Hao_llama.csv,0.166
Jinane-Axel,Axel/llama/sheet_39_annotations_FELTEN.csv,Jinane/llama/sheet_39_annotations_HARCHAL.csv,0.249
Mario-Jinane,Mario/llama/sheet_39_annotations_JAKIMOSKI.csv,Jinane/llama/sheet_39_annotations_HARCHAL.csv,0.259
Hao-Jinane,Hao/llama/sheet_39_annotations_Hao_llama.csv,Jinane/llama/sheet_39_annotations_HARCHAL.csv,0.240
Mario-Hao,Mario/llama/sheet_39_annotations_JAKIMOSKI.csv,Hao/llama/sheet_39_annotations_Hao_llama.csv,0.179
Mario-Axel,Axel/llama/sheet_50_annotations_FELTEN.csv,Mario/llama/sheet_50_annotations_JAKIMOSKI.csv,0.016
Hao-Axel,Axel/llama/sheet_50_annotations_FELTEN.csv,Hao/llama/sheet_50_annotations_Hao_llama.csv,0.247
Jinane-Axel,Axel/llama/sheet_50_annotations_FELTEN.csv,Jinane/llama/sheet_50_annotations_HARCHAL.csv,0.171
Mario-Jinane,Mario/llama/sheet_50_annotations_JAKIMOSKI.csv,Jinane/llama/sheet_50_annotations_HARCHAL.csv,0.062
Hao-Jinane,Hao/llama/sheet_50_annotations_Hao_llama.csv,Jinane/llama/sheet_50_annotations_HARCHAL.csv,0.133
Mario-Hao,Mario/llama/sheet_50_annotations_JAKIMOSKI.csv,Hao/llama/sheet_50_annotations_Hao_llama.csv,0.142
Mario-Axel,Axel/llama/sheet_7_annotations_FELTEN.csv,Mario/llama/sheet_7_annotations_JAKIMOSKI.csv,0.417
Hao-Axel,Axel/llama/sheet_7_annotations_FELTEN.csv,Hao/llama/sheet_7_annotations_Hao_llama.csv,0.279
Jinane-Axel,Axel/llama/sheet_7_annotations_FELTEN.csv,Jinane/llama/sheet_7_annotations_HARCHAL.csv,0.179
Mario-Jinane,Mario/llama/sheet_7_annotations_JAKIMOSKI.csv,Jinane/llama/sheet_7_annotations_HARCHAL.csv,0.273
Hao-Jinane,Hao/llama/sheet_7_annotations_Hao_llama.csv,Jinane/llama/sheet_7_annotations_HARCHAL.csv,0.244
Mario-Hao,Mario/llama/sheet_7_annotations_JAKIMOSKI.csv,Hao/llama/sheet_7_annotations_Hao_llama.csv,0.353
Mario-Axel,Axel/mistral/sheet_10_annotations_FELTEN.csv,Mario/mistral/sheet_10_annotations_JAKIMOSKI.csv,0.171
Hao-Axel,Axel/mistral/sheet_10_annotations_FELTEN.csv,Hao/mistral/sheet_10_annotations_Hao_mistral.csv,0.141
Jinane-Axel,Axel/mistral/sheet_10_annotations_FELTEN.csv,Jinane/mistral/sheet_10_annotations_HARCHAL.csv,0.186
Mario-Jinane,Mario/mistral/sheet_10_annotations_JAKIMOSKI.csv,Jinane/mistral/sheet_10_annotations_HARCHAL.csv,0.196
Hao-Jinane,Hao/mistral/sheet_10_annotations_Hao_mistral.csv,Jinane/mistral/sheet_10_annotations_HARCHAL.csv,0.207
Mario-Hao,Mario/mistral/sheet_10_annotations_JAKIMOSKI.csv,Hao/mistral/sheet_10_annotations_Hao_mistral.csv,0.034
Mario-Axel,Axel/mistral/sheet_13_annotations_FELTEN.csv,Mario/mistral/sheet_13_annotations_JAKIMOSKI.csv,-0.043
Hao-Axel,Axel/mistral/sheet_13_annotations_FELTEN.csv,Hao/mistral/sheet_13_annotations_Hao_mistral.csv,0.065
Jinane-Axel,Axel/mistral/sheet_13_annotations_FELTEN.csv,Jinane/mistral/sheet_13_annotations_HARCHAL.csv,0.088
Mario-Jinane,Mario/mistral/sheet_13_annotations_JAKIMOSKI.csv,Jinane/mistral/sheet_13_annotations_HARCHAL.csv,-0.004
Hao-Jinane,Hao/mistral/sheet_13_annotations_Hao_mistral.csv,Jinane/mistral/sheet_13_annotations_HARCHAL.csv,0.016
Mario-Hao,Mario/mistral/sheet_13_annotations_JAKIMOSKI.csv,Hao/mistral/sheet_13_annotations_Hao_mistral.csv,-0.007
Mario-Axel,Axel/mistral/sheet_19_annotations_FELTEN.csv,Mario/mistral/sheet_19_annotations_JAKIMOSKI.csv,0.067
Hao-Axel,Axel/mistral/sheet_19_annotations_FELTEN.csv,Hao/mistral/sheet_19_annotations_Hao_mistral.csv,0.090
Jinane-Axel,Axel/mistral/sheet_19_annotations_FELTEN.csv,Jinane/mistral/sheet_19_annotations_HARCHAL.csv,0.167
Mario-Jinane,Mario/mistral/sheet_19_annotations_JAKIMOSKI.csv,Jinane/mistral/sheet_19_annotations_HARCHAL.csv,0.152
Hao-Jinane,Hao/mistral/sheet_19_annotations_Hao_mistral.csv,Jinane/mistral/sheet_19_annotations_HARCHAL.csv,0.028
Mario-Hao,Mario/mistral/sheet_19_annotations_JAKIMOSKI.csv,Hao/mistral/sheet_19_annotations_Hao_mistral.csv,-0.005
Mario-Axel,Axel/mistral/sheet_30_annotations_FELTEN.csv,Mario/mistral/sheet_30_annotations_JAKIMOSKI.csv,0.095
Hao-Axel,Axel/mistral/sheet_30_annotations_FELTEN.csv,Hao/mistral/sheet_30_annotations_Hao_mistral.csv,0.088
Jinane-Axel,Axel/mistral/sheet_30_annotations_FELTEN.csv,Jinane/mistral/sheet_30_annotations_HARCHAL.csv,0.236
Mario-Jinane,Mario/mistral/sheet_30_annotations_JAKIMOSKI.csv,Jinane/mistral/sheet_30_annotations_HARCHAL.csv,0.113
Hao-Jinane,Hao/mistral/sheet_30_annotations_Hao_mistral.csv,Jinane/mistral/sheet_30_annotations_HARCHAL.csv,0.221
Mario-Hao,Mario/mistral/sheet_30_annotations_JAKIMOSKI.csv,Hao/mistral/sheet_30_annotations_Hao_mistral.csv,0.065
Mario-Axel,Axel/mistral/sheet_38_annotations_FELTEN.csv,Mario/mistral/sheet_38_annotations_JAKIMOSKI.csv,0.090
Hao-Axel,Axel/mistral/sheet_38_annotations_FELTEN.csv,Hao/mistral/sheet_38_annotations_Hao_mistral.csv,0.084
Jinane-Axel,Axel/mistral/sheet_38_annotations_FELTEN.csv,Jinane/mistral/sheet_38_annotations_HARCHAL.csv,0.081
Mario-Jinane,Mario/mistral/sheet_38_annotations_JAKIMOSKI.csv,Jinane/mistral/sheet_38_annotations_HARCHAL.csv,0.096
Hao-Jinane,Hao/mistral/sheet_38_annotations_Hao_mistral.csv,Jinane/mistral/sheet_38_annotations_HARCHAL.csv,0.129
Mario-Hao,Mario/mistral/sheet_38_annotations_JAKIMOSKI.csv,Hao/mistral/sheet_38_annotations_Hao_mistral.csv,0.044
Mario-Axel,Axel/mistral/sheet_39_annotations_FELTEN.csv,Mario/mistral/sheet_39_annotations_JAKIMOSKI.csv,0.060
Hao-Axel,Axel/mistral/sheet_39_annotations_FELTEN.csv,Hao/mistral/sheet_39_annotations_Hao_mistral.csv,0.102
Jinane-Axel,Axel/mistral/sheet_39_annotations_FELTEN.csv,Jinane/mistral/sheet_39_annotations_HARCHAL.csv,0.170
Mario-Jinane,Mario/mistral/sheet_39_annotations_JAKIMOSKI.csv,Jinane/mistral/sheet_39_annotations_HARCHAL.csv,0.100
Hao-Jinane,Hao/mistral/sheet_39_annotations_Hao_mistral.csv,Jinane/mistral/sheet_39_annotations_HARCHAL.csv,0.102
Mario-Hao,Mario/mistral/sheet_39_annotations_JAKIMOSKI.csv,Hao/mistral/sheet_39_annotations_Hao_mistral.csv,0.182
Mario-Axel,Axel/mistral/sheet_50_annotations_FELTEN.csv,Mario/mistral/sheet_50_annotations_JAKIMOSKI.csv,0.239
Hao-Axel,Axel/mistral/sheet_50_annotations_FELTEN.csv,Hao/mistral/sheet_50_annotations_Hao_mistral.csv,0.261
Jinane-Axel,Axel/mistral/sheet_50_annotations_FELTEN.csv,Jinane/mistral/sheet_50_annotations_HARCHAL.csv,0.179
Mario-Jinane,Mario/mistral/sheet_50_annotations_JAKIMOSKI.csv,Jinane/mistral/sheet_50_annotations_HARCHAL.csv,0.180
Hao-Jinane,Hao/mistral/sheet_50_annotations_Hao_mistral.csv,Jinane/mistral/sheet_50_annotations_HARCHAL.csv,0.176
Mario-Hao,Mario/mistral/sheet_50_annotations_JAKIMOSKI.csv,Hao/mistral/sheet_50_annotations_Hao_mistral.csv,0.359
Mario-Axel,Axel/mistral/sheet_7_annotations_FELTEN.csv,Mario/mistral/sheet_7_annotations_JAKIMOSKI.csv,0.308
Hao-Axel,Axel/mistral/sheet_7_annotations_FELTEN.csv,Hao/mistral/sheet_7_annotations_Hao_mistral.csv,0.215
Jinane-Axel,Axel/mistral/sheet_7_annotations_FELTEN.csv,Jinane/mistral/sheet_7_annotations_HARCHAL.csv,0.327
Mario-Jinane,Mario/mistral/sheet_7_annotations_JAKIMOSKI.csv,Jinane/mistral/sheet_7_annotations_HARCHAL.csv,0.350
Hao-Jinane,Hao/mistral/sheet_7_annotations_Hao_mistral.csv,Jinane/mistral/sheet_7_annotations_HARCHAL.csv,0.260
Mario-Hao,Mario/mistral/sheet_7_annotations_JAKIMOSKI.csv,Hao/mistral/sheet_7_annotations_Hao_mistral.csv,0.233
Mario-Axel,Axel/nemotron/sheet_10_annotations_FELTEN.csv,Mario/nemotron/sheet_10_annotations_JAKIMOSKI.csv,0.168
Hao-Axel,Axel/nemotron/sheet_10_annotations_FELTEN.csv,Hao/nemotron/sheet_10_annotations_Hao_nemotron.csv,0.099
Jinane-Axel,Axel/nemotron/sheet_10_annotations_FELTEN.csv,Jinane/nemotron/sheet_10_annotations_HARCHAL.csv,0.177
Mario-Jinane,Mario/nemotron/sheet_10_annotations_JAKIMOSKI.csv,Jinane/nemotron/sheet_10_annotations_HARCHAL.csv,0.163
Hao-Jinane,Hao/nemotron/sheet_10_annotations_Hao_nemotron.csv,Jinane/nemotron/sheet_10_annotations_HARCHAL.csv,0.079
Mario-Hao,Mario/nemotron/sheet_10_annotations_JAKIMOSKI.csv,Hao/nemotron/sheet_10_annotations_Hao_nemotron.csv,0.096
Mario-Axel,Axel/nemotron/sheet_13_annotations_FELTEN.csv,Mario/nemotron/sheet_13_annotations_JAKIMOSKI.csv,0.266
Hao-Axel,Axel/nemotron/sheet_13_annotations_FELTEN.csv,Hao/nemotron/sheet_13_annotations_Hao_nemotron.csv,0.057
Jinane-Axel,Axel/nemotron/sheet_13_annotations_FELTEN.csv,Jinane/nemotron/sheet_13_annotations_HARCHAL.csv,0.078
Mario-Jinane,Mario/nemotron/sheet_13_annotations_JAKIMOSKI.csv,Jinane/nemotron/sheet_13_annotations_HARCHAL.csv,0.092
Hao-Jinane,Hao/nemotron/sheet_13_annotations_Hao_nemotron.csv,Jinane/nemotron/sheet_13_annotations_HARCHAL.csv,-0.008
Mario-Hao,Mario/nemotron/sheet_13_annotations_JAKIMOSKI.csv,Hao/nemotron/sheet_13_annotations_Hao_nemotron.csv,0.022
Mario-Axel,Axel/nemotron/sheet_19_annotations_FELTEN.csv,Mario/nemotron/sheet_19_annotations_JAKIMOSKI.csv,-0.081
Hao-Axel,Axel/nemotron/sheet_19_annotations_FELTEN.csv,Hao/nemotron/sheet_19_annotations_Hao_nemotron.csv,0.017
Jinane-Axel,Axel/nemotron/sheet_19_annotations_FELTEN.csv,Jinane/nemotron/sheet_19_annotations_HARCHAL.csv,0.217
Mario-Jinane,Mario/nemotron/sheet_19_annotations_JAKIMOSKI.csv,Jinane/nemotron/sheet_19_annotations_HARCHAL.csv,0.121
Hao-Jinane,Hao/nemotron/sheet_19_annotations_Hao_nemotron.csv,Jinane/nemotron/sheet_19_annotations_HARCHAL.csv,-0.029
Mario-Hao,Mario/nemotron/sheet_19_annotations_JAKIMOSKI.csv,Hao/nemotron/sheet_19_annotations_Hao_nemotron.csv,0.012
Mario-Axel,Axel/nemotron/sheet_30_annotations_FELTEN.csv,Mario/nemotron/sheet_30_annotations_JAKIMOSKI.csv,0.173
Hao-Axel,Axel/nemotron/sheet_30_annotations_FELTEN.csv,Hao/nemotron/sheet_30_annotations_Hao_nemotron.csv,0.017
Jinane-Axel,Axel/nemotron/sheet_30_annotations_FELTEN.csv,Jinane/nemotron/sheet_30_annotations_HARCHAL.csv,0.127
Mario-Jinane,Mario/nemotron/sheet_30_annotations_JAKIMOSKI.csv,Jinane/nemotron/sheet_30_annotations_HARCHAL.csv,0.125
Hao-Jinane,Hao/nemotron/sheet_30_annotations_Hao_nemotron.csv,Jinane/nemotron/sheet_30_annotations_HARCHAL.csv,0.020
Mario-Hao,Mario/nemotron/sheet_30_annotations_JAKIMOSKI.csv,Hao/nemotron/sheet_30_annotations_Hao_nemotron.csv,0.181
Mario-Axel,Axel/nemotron/sheet_38_annotations_FELTEN.csv,Mario/nemotron/sheet_38_annotations_JAKIMOSKI.csv,0.107
Hao-Axel,Axel/nemotron/sheet_38_annotations_FELTEN.csv,Hao/nemotron/sheet_38_annotations_Hao_nemotron.csv,0.028
Jinane-Axel,Axel/nemotron/sheet_38_annotations_FELTEN.csv,Jinane/nemotron/sheet_38_annotations_HARCHAL.csv,0.104
Mario-Jinane,Mario/nemotron/sheet_38_annotations_JAKIMOSKI.csv,Jinane/nemotron/sheet_38_annotations_HARCHAL.csv,0.159
Hao-Jinane,Hao/nemotron/sheet_38_annotations_Hao_nemotron.csv,Jinane/nemotron/sheet_38_annotations_HARCHAL.csv,-0.001
Mario-Hao,Mario/nemotron/sheet_38_annotations_JAKIMOSKI.csv,Hao/nemotron/sheet_38_annotations_Hao_nemotron.csv,0.085
Mario-Axel,Axel/nemotron/sheet_39_annotations_FELTEN.csv,Mario/nemotron/sheet_39_annotations_JAKIMOSKI.csv,0.112
Hao-Axel,Axel/nemotron/sheet_39_annotations_FELTEN.csv,Hao/nemotron/sheet_39_annotations_Hao_nemotron.csv,0.038
Jinane-Axel,Axel/nemotron/sheet_39_annotations_FELTEN.csv,Jinane/nemotron/sheet_39_annotations_HARCHAL.csv,0.028
Mario-Jinane,Mario/nemotron/sheet_39_annotations_JAKIMOSKI.csv,Jinane/nemotron/sheet_39_annotations_HARCHAL.csv,0.029
Hao-Jinane,Hao/nemotron/sheet_39_annotations_Hao_nemotron.csv,Jinane/nemotron/sheet_39_annotations_HARCHAL.csv,0.063
Mario-Hao,Mario/nemotron/sheet_39_annotations_JAKIMOSKI.csv,Hao/nemotron/sheet_39_annotations_Hao_nemotron.csv,-0.001
Mario-Axel,Axel/nemotron/sheet_50_annotations_FELTEN.csv,Mario/nemotron/sheet_50_annotations_JAKIMOSKI.csv,0.088
Hao-Axel,Axel/nemotron/sheet_50_annotations_FELTEN.csv,Hao/nemotron/sheet_50_annotations_Hao_nemotron.csv,0.021
Jinane-Axel,Axel/nemotron/sheet_50_annotations_FELTEN.csv,Jinane/nemotron/sheet_50_annotations_HARCHAL.csv,0.042
Mario-Jinane,Mario/nemotron/sheet_50_annotations_JAKIMOSKI.csv,Jinane/nemotron/sheet_50_annotations_HARCHAL.csv,0.058
Hao-Jinane,Hao/nemotron/sheet_50_annotations_Hao_nemotron.csv,Jinane/nemotron/sheet_50_annotations_HARCHAL.csv,0.159
Mario-Hao,Mario/nemotron/sheet_50_annotations_JAKIMOSKI.csv,Hao/nemotron/sheet_50_annotations_Hao_nemotron.csv,-0.058
Mario-Axel,Axel/nemotron/sheet_7_annotations_FELTEN.csv,Mario/nemotron/sheet_7_annotations_JAKIMOSKI.csv,0.213
Hao-Axel,Axel/nemotron/sheet_7_annotations_FELTEN.csv,Hao/nemotron/sheet_7_annotations_Hao_nemotron.csv,0.047
Jinane-Axel,Axel/nemotron/sheet_7_annotations_FELTEN.csv,Jinane/nemotron/sheet_7_annotations_HARCHAL.csv,0.245
Mario-Jinane,Mario/nemotron/sheet_7_annotations_JAKIMOSKI.csv,Jinane/nemotron/sheet_7_annotations_HARCHAL.csv,0.267
Hao-Jinane,Hao/nemotron/sheet_7_annotations_Hao_nemotron.csv,Jinane/nemotron/sheet_7_annotations_HARCHAL.csv,0.125
Mario-Hao,Mario/nemotron/sheet_7_annotations_JAKIMOSKI.csv,Hao/nemotron/sheet_7_annotations_Hao_nemotron.csv,0.107
Mario-Axel,Axel/qwen/sheet_10_annotations_FELTEN.csv,Mario/qwen/sheet_10_annotations_JAKIMOSKI.csv,0.190
Hao-Axel,Axel/qwen/sheet_10_annotations_FELTEN.csv,Hao/qwen/sheet_10_annotations_Hao_Qwen.csv,0.077
Jinane-Axel,Axel/qwen/sheet_10_annotations_FELTEN.csv,Jinane/qwen/sheet_10_annotations_HARCHAL.csv,0.254
Mario-Jinane,Mario/qwen/sheet_10_annotations_JAKIMOSKI.csv,Jinane/qwen/sheet_10_annotations_HARCHAL.csv,0.272
Hao-Jinane,Hao/qwen/sheet_10_annotations_Hao_Qwen.csv,Jinane/qwen/sheet_10_annotations_HARCHAL.csv,0.126
Mario-Hao,Mario/qwen/sheet_10_annotations_JAKIMOSKI.csv,Hao/qwen/sheet_10_annotations_Hao_Qwen.csv,0.163
Mario-Axel,Axel/qwen/sheet_13_annotations_FELTEN.csv,Mario/qwen/sheet_13_annotations_JAKIMOSKI.csv,0.175
Hao-Axel,Axel/qwen/sheet_13_annotations_FELTEN.csv,Hao/qwen/sheet_13_annotations_Hao_Qwen.csv,-0.010
Jinane-Axel,Axel/qwen/sheet_13_annotations_FELTEN.csv,Jinane/qwen/sheet_13_annotations_HARCHAL.csv,0.235
Mario-Jinane,Mario/qwen/sheet_13_annotations_JAKIMOSKI.csv,Jinane/qwen/sheet_13_annotations_HARCHAL.csv,0.107
Hao-Jinane,Hao/qwen/sheet_13_annotations_Hao_Qwen.csv,Jinane/qwen/sheet_13_annotations_HARCHAL.csv,0.043
Mario-Hao,Mario/qwen/sheet_13_annotations_JAKIMOSKI.csv,Hao/qwen/sheet_13_annotations_Hao_Qwen.csv,-0.075
Mario-Axel,Axel/qwen/sheet_19_annotations_FELTEN.csv,Mario/qwen/sheet_19_annotations_JAKIMOSKI.csv,0.000
Hao-Axel,Axel/qwen/sheet_19_annotations_FELTEN.csv,Hao/qwen/sheet_19_annotations_Hao_Qwen.csv,0.040
Jinane-Axel,Axel/qwen/sheet_19_annotations_FELTEN.csv,Jinane/qwen/sheet_19_annotations_HARCHAL.csv,0.296
Mario-Jinane,Mario/qwen/sheet_19_annotations_JAKIMOSKI.csv,Jinane/qwen/sheet_19_annotations_HARCHAL.csv,0.053
Hao-Jinane,Hao/qwen/sheet_19_annotations_Hao_Qwen.csv,Jinane/qwen/sheet_19_annotations_HARCHAL.csv,-0.004
Mario-Hao,Mario/qwen/sheet_19_annotations_JAKIMOSKI.csv,Hao/qwen/sheet_19_annotations_Hao_Qwen.csv,-0.094
Mario-Axel,Axel/qwen/sheet_30_annotations_FELTEN.csv,Mario/qwen/sheet_30_annotations_JAKIMOSKI.csv,0.016
Hao-Axel,Axel/qwen/sheet_30_annotations_FELTEN.csv,Hao/qwen/sheet_30_annotations_Hao_Qwen.csv,-0.023
Jinane-Axel,Axel/qwen/sheet_30_annotations_FELTEN.csv,Jinane/qwen/sheet_30_annotations_HARCHAL.csv,0.235
Mario-Jinane,Mario/qwen/sheet_30_annotations_JAKIMOSKI.csv,Jinane/qwen/sheet_30_annotations_HARCHAL.csv,0.027
Hao-Jinane,Hao/qwen/sheet_30_annotations_Hao_Qwen.csv,Jinane/qwen/sheet_30_annotations_HARCHAL.csv,0.032
Mario-Hao,Mario/qwen/sheet_30_annotations_JAKIMOSKI.csv,Hao/qwen/sheet_30_annotations_Hao_Qwen.csv,0.095
Mario-Axel,Axel/qwen/sheet_38_annotations_FELTEN.csv,Mario/qwen/sheet_38_annotations_JAKIMOSKI.csv,0.046
Hao-Axel,Axel/qwen/sheet_38_annotations_FELTEN.csv,Hao/qwen/sheet_38_annotations_Hao_Qwen.csv,0.034
Jinane-Axel,Axel/qwen/sheet_38_annotations_FELTEN.csv,Jinane/qwen/sheet_38_annotations_HARCHAL.csv,0.072
Mario-Jinane,Mario/qwen/sheet_38_annotations_JAKIMOSKI.csv,Jinane/qwen/sheet_38_annotations_HARCHAL.csv,0.099
Hao-Jinane,Hao/qwen/sheet_38_annotations_Hao_Qwen.csv,Jinane/qwen/sheet_38_annotations_HARCHAL.csv,0.137
Mario-Hao,Mario/qwen/sheet_38_annotations_JAKIMOSKI.csv,Hao/qwen/sheet_38_annotations_Hao_Qwen.csv,0.050
Mario-Axel,Axel/qwen/sheet_39_annotations_FELTEN.csv,Mario/qwen/sheet_39_annotations_JAKIMOSKI.csv,0.098
Hao-Axel,Axel/qwen/sheet_39_annotations_FELTEN.csv,Hao/qwen/sheet_39_annotations_Hao_Qwen.csv,0.061
Jinane-Axel,Axel/qwen/sheet_39_annotations_FELTEN.csv,Jinane/qwen/sheet_39_annotations_HARCHAL.csv,0.122
Mario-Jinane,Mario/qwen/sheet_39_annotations_JAKIMOSKI.csv,Jinane/qwen/sheet_39_annotations_HARCHAL.csv,0.113
Hao-Jinane,Hao/qwen/sheet_39_annotations_Hao_Qwen.csv,Jinane/qwen/sheet_39_annotations_HARCHAL.csv,0.208
Mario-Hao,Mario/qwen/sheet_39_annotations_JAKIMOSKI.csv,Hao/qwen/sheet_39_annotations_Hao_Qwen.csv,0.037
Mario-Axel,Axel/qwen/sheet_50_annotations_FELTEN.csv,Mario/qwen/sheet_50_annotations_JAKIMOSKI.csv,0.115
Hao-Axel,Axel/qwen/sheet_50_annotations_FELTEN.csv,Hao/qwen/sheet_50_annotations_Hao_Qwen.csv,0.121
Jinane-Axel,Axel/qwen/sheet_50_annotations_FELTEN.csv,Jinane/qwen/sheet_50_annotations_HARCHAL.csv,0.081
Mario-Jinane,Mario/qwen/sheet_50_annotations_JAKIMOSKI.csv,Jinane/qwen/sheet_50_annotations_HARCHAL.csv,0.004
Hao-Jinane,Hao/qwen/sheet_50_annotations_Hao_Qwen.csv,Jinane/qwen/sheet_50_annotations_HARCHAL.csv,0.118
Mario-Hao,Mario/qwen/sheet_50_annotations_JAKIMOSKI.csv,Hao/qwen/sheet_50_annotations_Hao_Qwen.csv,0.038
Mario-Axel,Axel/qwen/sheet_7_annotations_FELTEN.csv,Mario/qwen/sheet_7_annotations_JAKIMOSKI.csv,0.098
Hao-Axel,Axel/qwen/sheet_7_annotations_FELTEN.csv,Hao/qwen/sheet_7_annotations_Hao_Qwen.csv,0.177
Jinane-Axel,Axel/qwen/sheet_7_annotations_FELTEN.csv,Jinane/qwen/sheet_7_annotations_HARCHAL.csv,0.259
Mario-Jinane,Mario/qwen/sheet_7_annotations_JAKIMOSKI.csv,Jinane/qwen/sheet_7_annotations_HARCHAL.csv,0.135
Hao-Jinane,Hao/qwen/sheet_7_annotations_Hao_Qwen.csv,Jinane/qwen/sheet_7_annotations_HARCHAL.csv,0.127
Mario-Hao,Mario/qwen/sheet_7_annotations_JAKIMOSKI.csv,Hao/qwen/sheet_7_annotations_Hao_Qwen.csv,0.299
