question_id;question_text;rating;comment
0;To what extent can long-term environmental degradation be classified as disasters when they are predictable, given that predictability challenges the disaster classification itself?;7;
1;Given that some disasters are foreseeable, how does foreknowledge influence our moral obligation to act as if the disaster is inevitable, even if it can be mitigated?;8;
2;Is there a threshold for foreseeability—such as duration, severity, or probability—that distinguishes an event from a disaster to a manageable risk, and who determines that threshold?;8;
3;Is there a theoretical mechanism within risk‑taking theory that predicts the timing of a disaster’s onset?;8;
4;How do risk‑taking models distinguish between a disaster that is preventable through early warning and one that inherently exceeds the risk threshold?;8;
5;In what ways can disaster research operationalize risk‑taking behavior to improve the coordination of relief agencies before a disaster fully materializes?;8;
6;What specific criteria does your Institute use to determine the scope of research into particular disaster types like floods or earthquakes?;8;
7;How does the methodology for researching floods differ from that for earthquakes, and what challenges unique to each disaster type impact your research design?;8;
8;What degree of integration exists between your disaster research findings and policy-making processes aimed at mitigating the impacts of these specific disasters?;7;
9;Given the QUD framework emphasizing retrievability and relevance, and the need to probe the unanswered methodological ambiguity in the last utterance, here are 3 progressive questions that directly address the gap in the dialogue:;0;
10;;0;
11;Why do you prefer studying past disasters over modeling future scenarios when predicting disaster impacts?;1;
12;To what extent do you prioritize theoretical modeling over real-time data during a disaster event?;7;
13;How might your research approach shift if you had unlimited resources to study disasters in real time?;5;
14;PS5T8: Is the effectiveness of the International Disaster Institute’s research measured by concrete policy outcomes in affected communities?;5;
15;PS5T8: How does the Institute prioritize which emerging disaster risks to focus on when resources for research are limited?;5;
16;PS5T8: What specific indicators do you track to determine if your disaster preparedness interventions are actually being taken seriously by vulnerable populations?;5;
17;Do you think Oxfam’s and Christian Aid’s disaster responses sometimes perpetuate dependency rather than build long‑term resilience?;8;
18;How do the funding models of voluntary agencies influence the timing and effectiveness of their interventions during the onset of a disaster?;8;
19;In what ways could voluntary agencies better align their expertise with the predictive research carried out by the International Disaster Institute to improve early warning and mitigation?;8;
20;To what extent do the overlooked disasters in the UK exhibit compound risks due to simultaneous climate and infrastructure vulnerabilities?;6;
21;Could you provide a specific historical example of a low-frequency disaster in the UK that was not included in preparedness planning frameworks until after the event occurred?;6;
22;"What methodological limitations currently prevent the identification of ""silent disasters"" in UK risk assessments, such as slow-onset climate hazards with localized impacts?";6;
23;To what extent do individuals living in high-risk zones, such as those prone to floods or earthquakes, consider personal disaster preparedness as a practical concern versus a perceived psychological burden, and how does this perception differ from the institutional perspective on risk mitigation?;0;
24;How do cultural or familial narratives about disaster risk, such as those experienced by rural communities in Central America, shape the personal decisions individuals make regarding self-reliance and seeking institutional support during events like droughts?;3;
25;In the context of the discussion on disaster preparedness being linked to resource availability, what mechanisms could be introduced to incentivize individuals in resource-constrained settings to invest in preventive measures, and how might these mechanisms align with or challenge existing disaster relief frameworks?;3;
26;Why do you think the speaker asked about roads and railways specifically now, rather than earlier?;0;
27;What immediate practical steps could be taken to mitigate disaster risks on critical infrastructure like roads and railways, given the current political constraints mentioned?;6;
28;How do the political constraints you mentioned affect the prioritization of disaster preparedness measures for infrastructure compared to other social spending, and what might change this dynamic?;6;
29;Could you provide a specific disaster scenario that you believe exemplifies a high risk yet is often overlooked in disaster planning, particularly in terms of its potential for cascading effects across multiple sectors?;5;
30;What are the measurable criteria you would use to prioritize between seemingly similar disaster risks, and how would these criteria be integrated into a broader risk assessment framework that accounts for social vulnerability?;5;
31;Given the discussion on the difficulty of comparing disasters, would you argue that a meta-analysis framework exists that can systematically aggregate comparative data across diverse disaster types, and if so, could you outline its key methodological components?;3;
32;How does the research on famine risk differ from other disaster types in terms of predictive capacity and early warning mechanisms?;6;
33;What specific strategies does the International Disaster Institute propose to overcome the political constraints that hinder effective disaster relief?;5;
34;Are there concrete examples of how local communities in developing countries have successfully integrated disaster risk reduction into their daily resource allocation despite financial constraints?;8;
